{"cameraMode":{"drawMode":0,"name":"Shaded","section":"Shading Mode"},"sceneLighting":true,"audioPlay":false,"sceneViewState":{"showFog":true,"showMaterialUpdate":false,"showSkybox":true,"showFlares":true,"showImageEffects":true,"showParticleSystems":true},"in2DMode":false,"pivot":{"x":786.52001953125,"y":480.6517028808594,"z":212.2818603515625},"rotation":{"x":-0.14807578921318055,"y":0.7064303755760193,"z":-0.15507915616035462,"w":-0.6745222210884094},"size":26.345544815063478,"orthographic":false}