{"cameraMode":{"drawMode":0,"name":"Shaded","section":"Shading Mode"},"sceneLighting":true,"audioPlay":false,"sceneViewState":{"showFog":true,"showMaterialUpdate":false,"showSkybox":true,"showFlares":true,"showImageEffects":true,"showParticleSystems":true},"in2DMode":false,"pivot":{"x":17.255096435546876,"y":85.82592010498047,"z":-46.1950798034668},"rotation":{"x":0.16401000320911408,"y":0.2905676066875458,"z":-0.05062626302242279,"w":0.9413332343101502},"size":505.0993957519531,"orthographic":false}